['tips', 'baking', ',', 'leveling', ',', 'torting', ',', 'filling', 'icing', 'cakes', '.']
['really', 'breaks', 'simplifies', 'basic', 'techniques', 'noobies', 'like', '.']
['happy', 'purchased', 'book', 'containes', 'much', 'great', 'information', 'time', 'saving', 'tips', '.']
['cake', 'decorating', 'always', 'hoby', '.']
['short', '-', '-', 'sweet', 'ha', 'book', 'gives', 'basic', 'information', 'need', 'get', 'started', 'cake', 'decorating', '.']
['wilton', 'books', ',', 'last', 'pages', 'detail', 'products', 'buy', 'duplicate', 'designs', 'book', '.']
["'", 'expect', 'anything', 'sophisticated', 'looking', 'many', 'silly', '-', 'feet', 'ideas', '.']
['maybe', 'one', 'earlier', 'print', ',', 'classmates', 'instructor', "'", 'course', 'booklets', 'pages', 'different', '.', 'biggie', 'though', '.']
['clear', 'helpful', 'information', ',', 'superb', 'recipe', 'suggestions', 'clearly', 'outlined', '.']
['found', 'easier', 'simpler', 'recipes', 'found', 'online', '.']
['page', 'mentions', 'color', 'twice', 'animal', '.']
['said', 'good', 'instructions', 'pictures', 'helpful', '.']
['book', "'", 'much', 'help', 'taking', 'wilton', 'cake', 'decorating', 'classes', '.']
['book', 'easy', 'follow', 'lots', 'step', 'step', 'pictures', '.']
['great', 'book', 'help', 'get', 'started', 'learning', 'decorate', 'cakes', '.']
['would', 'definitely', 'recommend', 'buying', 'book', ',', 'seeing', 'much', 'teach', 'spending', 'money', 'class', '.']
['followed', 'lessons', 'book', 'fondant', 'cakes', 'improved', 'greatly', '.']
['see', 'much', 'detail', 'tend', 'become', 'frustrated', 'anxious', '.']
['bought', 'book', 'help', 'decorating', 'cakes', 'cupcakes', 'beginner', '.']
['purchase', 'books', 'learn', '.']
['sometimes', 'video', 'faster', 'book', '.']
['might', 'guess', 'last', 'one', ',', '15', 'pop', 'recipes', 'contain', 'chocolate', '.', 'chapters', 'tips', 'techniques', 'useful', '.']
['bought', 'things', 'book', 'amazon', ',', 'however', ',', 'list', 'goes', 'long', 'keep', 'mentioning', 'everything', '.']
['think', 'wilton', 'afraid', 'sell', 'book', ',', 'miss', 'selling', 'classes', ',', '.']
['great', 'begining', 'things', 'need', 'things', 'dont', 'use', 'kit', 'would', 'recommend', '.']
['using', 'addition', 'class', ',', 'good', '.']
['want', 'get', 'started', 'cake', 'decorating', 'book', '.']
['still', 'learned', 'much', 'cake', 'decorating', '.']
['book', 'emphasizes', 'sweet', 'dessert', 'pops', ',', 'however', '.']
['bright', 'side', ',', 'many', 'recipes', 'may', 'appeal', 'children', ',', 'whereas', 'pop', 'books', 'seen', 'geared', 'adults', '.']
['book', 'great', 'beginner', 'fondant', 'makers', '.']
['keep', 'handy', 'look', 'back', 'resource', '.']
['book', "'", 'intended', '.']
['might', 'even', 'better', 'made', 'recipe', 'units', 'different', 'sized', 'molds', '.']
['shows', 'use', 'tools', 'kit', '.']
['receive', 'money', 'classes', ',', 'also', 'make', 'money', 'books', '.']
['little', 'disappointed', 'book', 'first', 'got', '.']
['flavor', 'combos', 'creative', ',', 'gives', 'ideas', 'decorating', 'pops', '.']
['always', 'reach', '.']
['tried', 'chocolate', 'far', ',', 'tasty', '.']
['still', ',', "'", 'great', 'idea', 'book', "'", 'sure', 'find', 'acceptable', 'substitutes', 'lot', 'items', '.']
['motivating', 'thoroughly', 'entertaining', 'subjected', 'guessing', 'actually', 'made', '.']
['find', 'reading', ',', 'makign', 'flowers', '.']
['every', 'little', 'hint', 'helps', 'make', 'flowers', 'appear', 'real', 'book', 'cannot', 'go', 'wrong', 'book', '.']
['also', 'contains', 'recipes', 'basic', 'scratch', 'cakes', 'white', ',', 'yellow', ',', 'chocolate', ',', 'strawberry', ',', 'banana', '.']
['get', 'basics', 'really', 'visual', 'class', '.']
['trying', 'best', 'get', 'fondant', 'book', 'motivated', 'try', 'harder', 'harder', '.']
['book', 'amazing', 'love', 'wilton', 'publishes', 'books', 'every', 'stage', 'baking', 'book', 'must', 'beginers', '.']
['new', 'baking', 'nice', 'looking', 'stuff', '.']
['41', 'recipes', 'total', ',', '13', 'fruit', 'pops', '.']
['lots', 'interesting', 'helpful', 'information', 'beginner', '.']
['income', 'increase', 'making', 'beautiful', 'live', '-', 'appearing', 'flowers', 'sell', 'cakes', '.']
['recently', 'purchased', 'colette', "'", 'cakes', 'also', 'wonderful', ',', 'much', 'advanced', ',', "'", '.']
['daughter', '1', 'year', 'old', 'really', 'likes', 'book', '.']
['also', 'gives', 'instruction', 'cover', 'cake', 'fondant', '.']
['comprehensive', 'guide', ',', 'useful', 'success', 'art', 'pastry', '.']
['saw', 'book', 'target', 'flipped', '.']
['love', 'wilton', 'books', 'always', 'attractive', 'enjoyable', 'browse', '.']
['pick', 'book', 'follow', 'directions', 'get', 'great', 'results', '.']
['flavors', 'like', 'cookie', 'dough', ',', "'", "'", ',', 'chocolate', 'peanut', 'butter', ',', 'peanut', 'butter', 'jelly', '.']
['would', 'recommend', 'item', 'anyone', 'works', 'great', 'baking', 'would', 'buy', '.']
['dvd', 'must', 'cake', 'decorator', '.']
['first', 'class', 'demonstration', 'instructor', 'put', 'together', 'tiered', 'cake', '.']
['added', 'image', 'cake', 'made', 'according', 'book', 'lessons', ',', 'advice', 'anyone', 'interested', 'get', 'book', '.']
['large', 'variety', 'recipes', 'simple', ',', 'fancy', '.']
['local', 'craft', 'shop', 'offer', 'fondant', 'course', 'wanted', 'take', 'decided', 'teach', '.']
['got', 'daughter', 'law', '.']
['learned', 'make', 'butter', 'cream', 'roses', 'book', ',', 'nice', 'step', 'step', 'instructions', ',', 'easy', 'follow', '.']
['please', 'try', '.', '.', '.', 'cannot', 'fail', 'best', 'book', 'ever', 'making', 'decorating', 'flowers', '.']
['think', 'part', 'problem', "'", 'perfectionist', 'heart', '.', '.', '.', '.', 'grrrr', '.', '.', '.', '.', '.', "'", 'fault', 'book', ',', 'wilton', 'lesson', 'plans', ',', "'", 'great', '.']
['last', 'page', 'reunites', 'butterflies', 'colorful', 'animals', 'say', 'goodnight', '.', '.', '.', 'daughter', 'loved', 'book', 'since', '4', 'months', 'old', '.']
['came', '24', 'hours', 'grateful', '.']
['recipes', 'produce', 'much', 'single', 'mold', 'unit', '.']
['colors', 'butterflies', ',', 'cute', 'story', 'hit', '.']
['turn', 'page', 'color', 'butterfly', 'reading', 'disappears', '.']
['got', 'girlfriend', 'runs', 'baking', 'business', 'said', 'handy', 'reference', 'book', '.']
['recommend', 'book', 'highly', 'inspiring', 'easy', '-', '-', 'follow', 'instructions', '.']
["'", 'lot', 'fun', ',', 'admit', ',', 'bit', 'frustrating', '.']
['made', '15', 'varieties', 'far', ',', 'like', '.']
['recipes', 'books', 'tedious', 'make', '.']
["'", 'sell', 'cakes', 'make', 'friends', 'family', '.']
['would', 'company', 'prefer', 'customers', 'buy', 'books', 'someone', 'else', '?', '?', '?', "'", 'figured', '.']
['zoku', 'accessories', 'pricey', ',', 'recipes', 'exact', 'amount', 'need', 'make', 'pops', '.']
['would', 'say', 'one', 'favorites', 'young', '.']
['helpful', 'section', 'called', 'perfect', 'cupcakes', 'bake', ',', 'ice', 'decorate', ',', 'six', 'pages', 'recipes', '.']
['cannot', 'purchased', 'wilton', 'real', 'crying', 'shame', '.']
['delightful', 'story', 'enjoy', 'reading', '.']
['128', 'page', 'book', 'contains', 'pictures', 'patterns', '38', 'tiered', 'cakes', '.']
['math', 'lazy', 'bought', 'single', 'mold', 'zoku', '.']
['problem', 'recipes', 'online', 'working', 'zoku', 'maker', '.']
['fruit', 'recipes', 'gimmicky', 'contain', 'many', 'ingredients', '.']
["'", 'great', 'way', 'top', 'four', 'classes', '.']
['lesson', 'plan', 'great', 'companion', 'wilton', 'decorating', 'classes', '.']
['happy', 'may', 'buy', 'another', 'one', 'middle', 'daughter', '.']
["'", 'always', 'loved', 'cake', 'decorating', ',', 'ever', 'since', 'took', 'first', 'wilton', 'class', '.']
['suggestions', 'transporting', 'tiered', 'cakes', ',', 'calculating', 'servings', 'per', 'cake', 'cutting', 'guides', '.']
['bought', 'cake', 'curved', 'spatulas', ',', 'amazon', ',', 'work', 'well', '.']
['good', 'book', 'beginners', 'need', 'step', 'step', 'instructions', 'guidance', '.']
['would', 'nice', 'used', 'matrix', 'ingredients', 'like', 'box', 'rice', '.']
['recipe', 'mango', 'pops', 'includes', 'orange', ',', 'apple', ',', 'banana', 'lemon', ',', 'many', 'competing', 'flavors', '.']
['good', 'experience', ',', 'happy', 'product', 'vendor', '.']
['novice', 'cake', 'decorator', 'got', 'talked', 'making', 'son', "'", 'wedding', 'cake', ',', 'wilton', 'makes', 'lovely', 'cake', 'decorating', 'accessories', 'help', 'every', 'step', '.']
['even', '2nd', 'course', ',', 'easy', 'follow', '.']
['shows', 'several', 'types', 'simple', ',', 'easy', 'perform', 'techniques', '.']
['loved', 'information', 'found', 'book', ',', 'good', 'ideas', 'pictures', 'recommend', 'new', 'beginners', '.']
['hoping', 'came', '.']
['also', 'bought', 'bench', 'knife', ',', 'found', '16', 'cake', 'lifter', ',', '18', 'cake', 'leveler', '.']
['second', 'class', 'bring', 'cakes', 'learn', 'stack', 'pillar', '.']
["'", 'super', 'cute', 'book', 'ill', 'getting', 'nieces', 'may', 'come', 'along', '.']
['sure', '-', 'difficult', 'others', ',', 'nice', 'variety', 'book', '.']
['able', 'follow', 'instructions', 'tips', 'helped', 'lot', '.']
['paper', 'bit', 'thin', 'need', 'support', 'probably', 'hold', 'well', '.']
['never', 'good', 'cake', 'decorator', '.']
['learned', 'tricks', 'book', '.']
['wilton', 'honestly', 'needs', 'sell', 'lesson', 'plans', '.']
[',', 'however', ',', 'agree', 'book', 'appear', 'advertisment', 'thier', 'products', ',', 'guide', 'helpful', 'nonetheless', '.']
['thoroughly', 'enjoying', 'able', 'learn', 'pace', '.']
['book', 'must', 'get', 'zoku', 'also', 'highly', 'recommend', '.']
['see', 'self', '-', 'esteem', 'roar', 'people', ',', 'co', '-', 'workers', ',', 'family', 'members', ',', 'friends', 'dazzled', 'amazed', '-', '-', '.']
['story', 'group', 'butterflies', 'looking', 'place', 'sleep', '.']
['already', 'tried', 'one', 'recipe', 'day', 'receiving', 'book', '.']
['hobby', "'", 'make', 'cakes', 'everyday', '.']
['easy', 'follow', 'even', 'clutz', 'like', 'informative', 'instructions', 'straight', 'forward', '.']
['although', 'designs', 'outdated', ',', 'informative', 'enjoy', 'taking', 'view', 'occasion', '.']
['reading', 'inspired', 'create', 'recipes', '.']
['really', 'enjoyed', 'reviewing', 'recipes', '.']
['basic', 'book', 'beginners', 'easy', 'understand', '.']
['always', 'wanted', 'learn', 'decorate', 'beautiful', 'cake', ',', 'purchased', 'guidebook', 'along', 'wilton', 'pastry', 'bag', 'kit', '.']
['book', 'made', 'say', 'duh', 'head', 'many', 'times', "'", 'embarrassing', '.']
['oh', 'well', ',', 'least', 'gave', 'copy', 'sister', '.']
['works', 'great', 'beginner', 'quick', 'refresher', '.']
['lesson', 'plan', 'perfect', 'beginner', 'definitely', 'helped', 'introduce', 'working', 'fondant', 'user', '-', 'friendly', 'way', '.']
['many', ',', 'including', 'recipe', 'vanilla', 'base', ',', 'call', 'vanilla', 'pudding', ',', 'vanilla', 'greek', 'yogurt', 'would', 'well', '.']
['mango', 'orange', 'together', 'make', 'terrific', 'pop', '.']
['getting', 'back', 'lesson', 'book', '.', '.', '.', 'extremely', ',', 'extremely', 'happy', '.']
['excellent', 'book', ',', 'shipped', 'time', ',', 'packaged', 'nicely', ',', 'helpful', 'tips', 'book', ',', 'good', 'price', '.']
['eye', 'catching', 'ordered', 'knew', '.']
['lot', 'ideas', 'recommend', '.']
['im', 'new', 'cake', 'decorating', 'really', 'enjoyed', 'book', '.']
['totally', 'worth', 'get', 'quick', 'shell', 'recipes', 'alone', '.']
['instructor', 'outstanding', 'job', 'explaining', 'demostrating', '?', '.']
['dividing', '3', '4', 'cup', ',', '3', 'tablespoons', '3', '1', '2', 'tablespoons', 'kind', 'dicey', 'kitchen', '.']
['nothing', 'little', 'clear', 'contact', 'paper', "'", 'cure', 'though', ',', 'big', 'deal', '.']
['loved', 'book', ',', 'complete', ',', 'detailed', ',', 'clear', 'instructions', 'easy', 'learn', 'procedures', '.']
['first', 'wedding', 'cake', ',', 'amazing', 'wilton', "'", 'help', 'book', 'must', 'newbies', 'like', '.']
['book', 'sticks', 'basics', ',', ',', 'essential', 'focus', '.']
['problem', 'items', "'", 'seem', 'available', 'web', 'site', '.']
['brilliant', 'bedtime', 'story', 'vibrant', 'colors', 'gorgeous', 'illustrations', '.']
['bought', 'similarity', '10', 'little', 'ladybugs', 'book', '.']
['turn', 'beautiful', 'tasty', '.']
['colorful', 'illustrations', 'keep', 'interested', 'likes', 'grab', 'popped', 'butterflies', '.']
['bought', 'zoku', 'quick', 'pop', 'daughterr', 'zoku', 'quick', 'maker', '.']
['learn', 'looking', 'page', 'book', 'written', 'details', ',', 'teach', 'without', 'expensive', 'classes', '.']
['learned', 'first', 'class', 'years', 'teaching', '.']
['book', 'also', 'includes', 'patterns', 'instructions', 'various', 'decorations', '.']
['pages', 'core', 'pops', 'especially', 'helpful', ',', 'include', 'recipes', 'pink', ',', 'purple', ',', 'orange', 'outer', 'layers', 'brightly', '-', 'colored', 'core', 'pops', '.']
['beautifully', 'illustrated', 'book', 'featuring', 'ten', 'colorful', ',', 'glittery', 'butterflies', 'favorite', 'house', '.']
['bought', 'comes', 'free', 'cake', 'decorating', 'class', '.']
['book', 'recommended', 'cake', 'decorating', 'instructor', '.']
['got', 'gift', 'niece', 'loved', '.']
